<?xml version="1.0" encoding="UTF-8" ?>
<!DOCTYPE mapper PUBLIC "-//mybatis.org//DTD Mapper 3.0//EN" "http://mybatis.org/dtd/mybatis-3-mapper.dtd" >
<mapper namespace="com.wechat.dao.IAppointmentDao" >
  <resultMap id="BaseResultMap" type="com.wechat.model.Appointment" >
    <id column="id" property="id" jdbcType="INTEGER" />
    <result column="taocan" property="taocan" jdbcType="VARCHAR" />
    <result column="username" property="userName" jdbcType="VARCHAR" />
    <result column="telephone" property="telephone" jdbcType="VARCHAR" />
    <result column="date" property="date" jdbcType="VARCHAR" />
    <result column="time" property="time" jdbcType="VARCHAR" />
    <result column="fromDes" property="fromDes" jdbcType="VARCHAR" />
    <result column="toDes" property="toDes" jdbcType="VARCHAR" />
    <result column="note" property="note" jdbcType="VARCHAR" />
  </resultMap>
  
  <insert id="insert" parameterType="com.wechat.model.Appointment" >
     insert into youai_appointment (taocan, username,telephone,date,time,fromDes,toDes,note) values (#{taocan,jdbcType=VARCHAR}, #{userName,jdbcType=VARCHAR}, #{telephone,jdbcType=VARCHAR},#{date,jdbcType=VARCHAR},#{time,jdbcType=VARCHAR},#{fromDes,jdbcType=VARCHAR},#{toDes,jdbcType=VARCHAR},#{note,jdbcType=VARCHAR})
  </insert>
  
</mapper>